player1,player2,pair_elo,matches_together
Frazier D.,Johnson J.,6.7854980953182675,141
Johns B.,Johns C.,6.648970564279554,134
Staksrud F.,Tellez P.,6.4988852532513315,126
Newman R.,Wright M.,6.547864870711709,49
Ignatowich J.,McGuffin T.,6.428259782506307,46
Bar D.,McGuffin T.,6.328609072971459,35
Arnold J.,Wilson T.,6.386459166352764,34
Dawson C.,Patriquin H.,6.32469261595618,34
Devilliers J.,Young D.,6.032871424100238,34
Daescu A.,Tardio G.,6.425304740517722,33
Alshon C.,Hewett R.,6.225931390193438,31
Dow G.,Scarpa A.,5.977737656575456,29
De La Rosa D.,Emmrich M.,6.200977876247572,29
Dawson C.,Loong T.,6.167741220472476,28
Fought T.,Smith S.,5.890217292425241,28
Devilliers J.,Smith P.,6.2927034397462895,26
Johnson C.,Teoni P.,6.075489883853002,24
Ignatowich J.,Wright M.,6.23055553638222,24
De La Rosa D.,Newell B.,5.979583081827563,23
Shick C.,Sock J.,6.1681199723186735,22
Bar D.,Dawson C.,6.155073860960194,22
Garnett C.,Loong T.,6.343202840535189,21
McGuffin T.,Vich J.,6.1109095671739615,21
Tamaki K.,Vich J.,6.050736906301973,19
Newman R.,Wilson T.,6.300780914942499,19
Johnson H.,Johnson Y.,6.147654781011989,18
Bar D.,Koller A.,6.073081762695902,17
Alshon C.,Garnett C.,6.387779272371509,17
Koller A.,Lange E.,6.144517850833546,17
Hewett R.,Navratil Z.,6.117206147550005,16
Patriquin H.,Tellez P.,6.3651708621973295,16
Navratil Z.,Young D.,6.171495201375806,15
Alhouni M.,Alhouni M.,5.875450884793843,15
Garnett C.,Tardio G.,6.266843375392734,15
Smith S.,Taylor C.,6.12394345374971,14
Deakin S.,Jakovljevic I.,6.0654622653424575,14
Staksrud F.,Wright M.,6.201606928014875,13
Fought T.,Stone W.,6.0504257152928895,13
Klinger C.,Vich J.,6.262301228367984,13
Arnold J.,Munro J.,6.35569747233028,13
Burrows W.,Querrey S.,5.970861668357476,13
Daescu A.,Devilliers J.,6.256859477224319,13
Cassidy R.,Nemoff C.,6.053267301831467,13
Johnson C.,Koszuta K.,5.853804596331377,13
Kawka P.,Teoni P.,6.014219973495084,12
French B.,Jakovljevic I.,5.991326339453028,12
Loong T.,Young D.,6.3024166892944775,12
Ge A.,Johnson C.,6.295534198541493,12
Alshon C.,Navratil Z.,6.260309266277235,11
Long B.,McGuffin T.,6.301691290691216,11
Ignatowich J.,Loong T.,6.21832432616377,11
Deakin S.,Rettenmaier T.,6.108775009557913,11
Alshon C.,Smith S.,6.0110352046252675,11
Stone W.,Vich J.,6.208436950389093,11
Koller A.,Newman R.,6.2138221409401275,11
Navratil Z.,Rettenmaier T.,6.2458347781899395,11
Patriquin H.,Staksrud F.,6.6605587379633855,10
Finley R.,Kawka P.,6.0101312379928995,10
Brown M.,Lane B.,6.044483849415098,10
Barrientos M.,Whitehead G.,5.983218310718776,10
Alshon C.,Newman R.,6.33669302010758,10
Hong T.,Lee S.,5.98541529616741,10
Ali R.,Vich J.,6.05448813263199,10
Bellamy R.,Koller A.,6.229659190207507,9
Koller A.,Rettenmaier T.,6.139254007090606,9
Fought T.,Loong T.,6.079873369204607,9
Diamond C.,Roddy E.,6.074461633973653,9
Smith P.,Stone W.,6.056065553207216,9
Bar D.,Young D.,6.230883823279259,9
Jenkins J.,Kacergis B.,6.053247697214643,8
Patriquin H.,Smith S.,6.135231111860355,8
Andrews J.,Read A.,5.9696431813665125,8
Merchant A.,Weinbach D.,5.951461295009917,8
Deakin S.,Shick C.,6.09516845820839,8
Koller A.,Loong T.,6.126474669129906,8
Bar D.,Johns C.,6.164157413099192,8
Arnold J.,Koller A.,6.1702473126779305,8
Arnold J.,Rettenmaier T.,6.053532576582918,8
Cincola J.,Long B.,5.995362006086029,8
Alshon C.,Wilson T.,6.377997585410587,8
Koszuta K.,Loyd M.,5.907494966331059,8
Hovenier B.,Joseph G.,6.11601391385699,8
Hewett R.,Tardio G.,5.9882088952218755,7
Amiri F.,Shearer D.,6.023292620484345,7
Andrews J.,Wasson L.,6.006882916078281,7
Hewett R.,Howells W.,6.242829162151274,7
Heddings K.,Teoni P.,6.011231430257615,7
Eveloff R.,Hovenier B.,5.926722564263163,7
Goldberg J.,Locklear P.,5.839850591942354,7
Arnold J.,Young D.,6.069590022305973,7
Galli S.,Read A.,5.964151623647017,7
Kawka P.,Loyd M.,6.245804953764869,7
Beasley N.,Dayan K.,6.154680843068635,7
Alshon C.,Arnold J.,6.22571469767679,7
Lohani A.,Neumann A.,5.9472696718869935,7
Garnett C.,Smith P.,5.962026988086722,7
Cassidy R.,Sherry R.,5.964730386203291,7
Bar D.,Wilson T.,6.225345528384624,7
Cincola J.,Stone W.,6.014992758650334,7
Rettenmaier T.,Tchikatilov A.,6.161861237011025,7
Smith P.,Young D.,6.264530073285395,7
Alshon C.,Loong T.,6.111097332605285,7
Bellamy R.,Rettenmaier T.,6.118816431228901,6
French B.,Taylor C.,6.0011453823486995,6
Fought T.,Pailet E.,6.06824642585329,6
Doerner S.,Link G.,6.035462605469285,6
Bellamy R.,Johnson Y.,6.024526132618012,6
Terron A.,Young D.,6.097604567265962,6
Auvergne S.,Ignatowich J.,6.122677232978948,6
Hewett R.,Kawka P.,6.092215696652644,6
Ge A.,Rettenmaier T.,6.081097220998919,6
Garnett C.,Hewett R.,6.086040815992006,6
Blaszkewycz E.,Teoni P.,6.07743270830763,6
Lange E.,Young D.,6.141501232688385,6
Gridley A.,Merchant A.,6.221655199150221,6
Neumann A.,Whatnall K.,5.8509270267161355,6
Beasley N.,Eveloff R.,5.971989351221244,6
Blaszkewycz E.,Bond G.,6.002712096353348,6
Lohani A.,Tamanaha W.,6.086891505680416,6
Arnold J.,Newman R.,6.184479498621382,6
Irizarry E.,Kusmider J.,5.958895926877703,6
Carlisle C.,Thompsen T.,6.0566801866292215,6
Auvergne S.,De La Rosa D.,6.197321522507553,6
Feliz A.,Stith M.,5.9502812360250665,6
Donkena A.,Peterson L.,6.01797477813149,6
Navratil Z.,Wilson T.,5.998757569717778,6
Baca M.,Shearer D.,5.854331085809321,6
Hewett R.,Newman R.,6.284538665844834,5
French B.,Trinh T.,5.977450725568943,5
Ge A.,Vich J.,6.350611050150135,5
Garnett C.,Ge A.,6.309406027449534,5
Burrows W.,Lange E.,6.0747013667932395,5
Forsythe E.,Goldberg J.,5.994860085505346,5
Garnett C.,Patriquin H.,5.909541516237327,5
French B.,Stone W.,6.1850704521793425,5
Loyd J.,Loyd M.,6.0066579280433645,5
Ge A.,Koller A.,6.123968159988304,5
Johnson H.,Wilson T.,6.075601082648211,5
Daescu A.,Wright M.,6.4366026377282735,5
Cassidy R.,Long B.,6.09350769691684,5
Farias J.,Siljestrom A.,6.074674113883763,5
Tardio G.,Whitehead G.,6.1874924469530495,5
Johns C.,Wright M.,6.191471093709633,5
Cincola J.,Loyd M.,6.106301385552239,5
Locklear P.,Newell B.,6.194995806337239,5
Fu R.,Tomassi T.,5.903658994534244,5
Barrientos M.,Taylor C.,6.041042668227753,5
Hovenier B.,Young D.,6.139411848585913,5
Kojima B.,Tamanaha W.,6.088605690079261,5
Ignatowich J.,Newman R.,6.229919106661674,5
Elliott J.,Munro J.,5.885515092139445,5
Garnett C.,Young D.,6.202695624307447,5
Newell B.,Stone W.,5.986153567159148,5
Bar D.,Wright M.,6.38895447113647,5
Gilbert E.,Gilbert R.,5.898274189405429,5
Hall D.,Larson B.,5.849062909168662,5
Newman R.,Tardio G.,6.34821871931982,5
Lange E.,Navratil Z.,6.318210917941126,5
Pailet E.,Warnick J.,5.940948232925134,5
Ayotte J.,Newcombe R.,5.933131843925018,5
Powell C.,Schenk A.,5.99202373939303,5
Garnett C.,Wright M.,6.227449832788088,5
Devilliers J.,Tardio G.,6.2129831103888975,5
Garnett C.,Teoni P.,6.16211575110222,5
Frazier D.,Wright M.,6.200413002861281,5
Barlow M.,Bond G.,5.8386235430327975,5
Ignatowich J.,Navratil Z.,6.0106078338914095,5
Devilliers J.,Loong T.,6.131822544794613,5
Loyd M.,Montoya N.,5.885734618126607,5
Devilliers J.,Wright M.,6.155490445927608,5
Baylon B.,Baylon R.,6.03842716425669,5
Bar D.,Navratil Z.,6.362134158342258,5
Johns B.,Wright M.,6.413497128005916,5
Fought T.,Loyd M.,6.325004881433703,5
Daescu A.,Ignatowich J.,6.298707730957051,5
Jacobson E.,Stratton R.,6.030819905365112,5
Ge A.,Staksrud F.,6.346597952175464,5
Devilliers J.,Tellez P.,6.3115038122286435,5
Bock J.,Rosner E.,6.135565311883058,5
Alshon C.,Duong Q.,6.413147068625474,5
Emmrich M.,Sobek W.,6.046524062352693,5
Klinger C.,Tchikatilov A.,6.135257911732471,5
Ignatowich J.,Johns C.,6.0825330644413595,5
Khlif N.,Shick C.,6.17238373609992,5
Rettenmaier T.,Wright M.,6.207330819061442,5
Arnold J.,Nunnery R.,6.0971310561397685,5
Huo J.,Locklear P.,6.000922031689035,5
Loyd M.,Teoni P.,6.014979930290154,5
Bar D.,Tardio G.,6.190529910385446,5
Ayotte J.,Jensen D.,5.929484915790947,5
Beasley N.,Markowitz E.,5.899805639092456,5
Devilliers J.,Lange E.,6.122732026629807,4
Estareja R.,Mcmakin K.,5.907091689483592,4
Goldberg J.,Venkatesan M.,5.933331453742317,4
Dawson C.,Stone W.,6.005754696444925,4
Anderson M.,Cassidy R.,5.995599271534724,4
Lohani A.,Roddy E.,6.01228024184278,4
Doerner S.,Rettenmaier T.,6.020489176078929,4
Fought T.,Wren T.,6.1177851028604575,4
Patriquin H.,Smith P.,6.0190667286668615,4
Fratt C.,Garcia E.,5.831432421520238,4
Duong B.,Duong Q.,5.9031171743830875,4
Deakin S.,Locklear P.,5.982902079161057,4
Perez E.,Wasson L.,5.9380762482248555,4
Andrews J.,Perez E.,6.048368470302584,4
Morrow T.,Shekar K.,6.065366197613034,4
Slutsky R.,Trinh T.,6.012329887422205,4
Gustad A.,Harvey A.,5.970168241475383,4
Lewis K.,Markowitz E.,5.827882516570843,4
Roditi D.,Sherry R.,5.906884338529906,4
Diamond C.,Freeman M.,6.283286237847315,4
Delgado J.,Perez E.,5.92767203342925,4
Arnold J.,Loong T.,6.154311611012205,4
Smith P.,Tardio G.,6.005775958035502,4
Boydston C.,Larson B.,5.906353596583396,4
Lohani A.,Nemoff C.,6.069062245222575,4
Forster M.,Foster J.,5.954697207735959,4
Dobran J.,Roddy E.,6.0474470975436185,4
Hutchins R.,Mcauley D.,5.980639751221411,4
Hewett R.,Johnson H.,6.172346985402487,4
Dawson C.,Tamaki K.,6.045970801205212,4
Brown M.,Farias J.,6.069390086188415,4
Vanderwarf N.,Williams C.,6.027992741734717,4
Locklear P.,Smith S.,6.002672845969248,4
Krishnaswamy S.,Read A.,6.168398141559484,4
Nunnery R.,Smith P.,6.14223509032869,4
Bar D.,Devilliers J.,6.154664365252658,4
Duong Q.,Teoni P.,5.942907586845548,4
Rettenmaier T.,Young D.,6.194668940463732,4
Davis F.,Felsenthal A.,5.9654546562669415,4
Perez E.,Young E.,6.003163183114352,4
Garnett C.,Lane B.,6.030917582679315,4
Emmrich M.,Siljestrom A.,6.073263054355222,4
Patriquin H.,Stone W.,6.020389871065047,4
Rahachou S.,Whittaker R.,5.853033528042252,4
Brown M.,Vegas M.,6.038378012675594,4
DeHeart R.,Nunnery R.,6.017091549881151,4
Dawidjan R.,Laura C.,5.890011645334935,4
Brown M.,Hewett R.,6.154190790339084,4
Lange E.,Loong T.,6.14038710456962,4
Alshon C.,Stone W.,5.984668376557607,4
Deakin S.,Scarpa A.,6.018030640198266,4
Devilliers J.,Rettenmaier T.,6.102844024290944,4
Loyd M.,Nemoff C.,6.01302770521878,4
Brown M.,Scarpa A.,6.064935625943814,4
Nunnery R.,Patriquin H.,6.0735494066493585,4
Finley R.,Johnson C.,5.824697866377045,4
Newell B.,Tardio G.,6.076866572264318,4
Gabrielsen W.,Lanier S.,5.95237287420862,4
Deakin S.,Roddy E.,5.992033972106285,4
Burrows W.,Garnett C.,5.963634353792188,4
Arnold J.,Johnson H.,6.240035864856477,3
Bar D.,Johnson H.,6.284526158862072,3
Oncins E.,Young D.,6.151178061220931,3
Alvarez J.,Sherry R.,5.926406699118323,3
Goldin G.,Madonia S.,5.989654350941086,3
Gonzalez T.,Vanderwarf N.,5.909437896847264,3
Finley R.,Jensen D.,5.910964080482028,3
Morariu M.,Weinbach D.,5.887074670628196,3
Laura C.,Munro J.,5.955010572351011,3
Koszuta K.,Nemoff C.,5.907309800254426,3
Alda M.,Shekar K.,5.97851297320805,3
Broker J.,Green M.,5.878475115482343,3
Burrows W.,Johnson Y.,6.04624319767972,3
Emmrich M.,Loyd M.,6.142941446551708,3
Khlif N.,Slutsky R.,6.176829917193442,3
Bass S.,Brown M.,5.957746606449582,3
Patriquin H.,Young D.,6.216917279162683,3
Agoglia M.,Garza A.,5.882457624101187,3
Cassidy R.,Garnett C.,6.178580485787607,3
Smith S.,Tardio G.,6.143458265989439,3
Rettenmaier T.,Yates K.,6.066148321064599,3
Hewett R.,Smith S.,6.124683449140498,3
Dobran J.,Shick C.,6.002911356608176,3
Larsen L.,Miller T.,6.011534553093979,3
Cincola J.,Dow G.,5.943465433124528,3
Emmrich M.,Smith P.,5.966794201449189,3
Lane B.,Mcmakin K.,5.903427704204263,3
Andrews J.,Joseph G.,5.993850142424284,3
Tardio G.,Weinbach D.,5.967683598428566,3
Chapman B.,Deakin S.,5.8740239132241125,3
Locklear P.,Oxler J.,5.996199373328131,3
Lanier S.,Whitehead G.,5.987972868939386,3
Alhouni M.,Campbell C.,5.937652895467197,3
Alda M.,Boyer D.,5.9235229184310105,3
Loong T.,Vich J.,6.267344919084814,3
Duong Q.,Taylor C.,6.260977821089466,3
Barrientos M.,Stone W.,5.909128371527452,3
Deakin S.,Patriquin H.,5.960870547504927,3
Hickman B.,Jauschneg E.,5.89788062404644,3
Finley R.,Teoni P.,5.916378719039798,3
Manthou M.,Mediratta N.,5.988074863982549,3
Ignatowich J.,Tellez P.,6.222382839611123,3
Alda M.,Nguyen H.,6.039934659925332,3
Kim E.,Wasson L.,5.915485357580459,3
Khlif N.,Koller A.,6.257716348628987,3
Gonzalez I.,Smosna R.,5.888333733180605,3
Irizarry E.,Sobek W.,5.988302113793792,3
Brautman C.,LaMacchio A.,5.991679003972487,3
Heddings K.,Weinbach D.,6.030598936544723,3
Alhouni M.,Lee S.,6.0932151634974066,3
Cassidy R.,Oncins E.,6.118298366717505,3
Brown M.,Whittaker R.,6.063543422772118,3
Chan M.,Huynh P.,5.8816427310183,3
French B.,Young D.,5.999043344286635,3
Payetta L.,Rahachou S.,5.876269094316332,3
Hewett R.,Ignatowich J.,6.178323168604848,3
Shearer D.,Venkatesan M.,5.831816193730864,3
Daescu A.,Frazier D.,6.233667981123204,3
McNulty J.,Roddy E.,6.046338762855652,3
Violette E.,Wazir A.,5.8936765326880565,3
Bond G.,Jakovljevic I.,5.9784251481034065,3
Angelo S.,Finley R.,6.0087994413141965,3
Tellez P.,Vich J.,6.30599466816016,3
Goldberg J.,Howells W.,5.9169942692114015,3
Koller A.,Taylor C.,6.003855897872789,3
Diamond C.,Whittaker R.,5.9313955250319665,3
Devilliers J.,Newell B.,6.233303234899491,3
Cassidy R.,Neumann A.,5.91000420452853,3
French B.,Smith S.,6.114463031572523,3
Bar D.,Ignatowich J.,6.2966854122036455,3
Davis F.,Livornese R.,5.934632558802595,3
Holder D.,Perez E.,5.932999413451874,3
Ge A.,Loyd M.,5.958353003868039,3
Donkena A.,Lohani A.,5.919676109752948,3
Johnson C.,Marsh J.,5.924574673889135,3
Goldberg J.,Neumann A.,5.938052156080314,3
Newell B.,Taylor Z.,5.936883925158306,3
Jensen D.,Zbinden R.,5.954873250098998,3
Ignatowich J.,Johns B.,6.290316390960467,3
Goldin G.,Haworth C.,6.1631565467277,3
Duong Q.,Khlif N.,6.245628918413444,3
Koszuta K.,Weinbach S.,5.980353218264986,3
Alves S.,Khazaeli M.,5.982746490835293,3
Beasley N.,Mccollin N.,5.923352236170041,3
Tardio G.,Vich J.,5.955715617173514,3
Kusmider J.,Neumann A.,5.943673300651813,3
Forsythe E.,Jenkins J.,5.956746955648783,3
Campbell C.,Hammond B.,5.936966661244991,3
Harvey A.,Reyes R.,5.935438567486169,3
Brown M.,Cassidy R.,6.276847341885314,3
Smith P.,Wilson T.,6.245489235378848,3
Navratil Z.,Smith S.,6.041339507874742,3
Andrews J.,Jakovljevic I.,5.960840327069383,3
Loong T.,Smith S.,5.984843200793669,3
Lane B.,McNulty J.,5.942371060477317,3
Walker A.,Walker J.,5.883554659406981,3
Estareja R.,Zwiren N.,5.975358937041983,3
McGuffin T.,Patriquin H.,6.260769290509046,3
Beasley N.,Whittaker R.,5.984532114511374,3
Cassidy R.,Estareja R.,5.937063192799311,3
Hewett R.,Wright M.,6.225977626232109,3
Hewett R.,Oncins E.,6.114432500693769,3
Bar D.,Patriquin H.,6.354016070711387,3
Staksrud F.,Tardio G.,6.362387027741737,3
Deakin S.,Taylor C.,6.029455981757213,3
Arnold J.,Dawson C.,6.231735808551625,3
Fought T.,Klinger C.,6.2286951681707,3
Legarreta A.,Montoya N.,6.0089649499681705,3
Kusmider J.,Scarpa A.,5.982936390514951,3
Bellamy R.,Fought T.,6.194630046877753,3
Keenum C.,Venkatesan M.,5.9745528051891785,3
Frazier D.,Johnson Y.,6.208996035616538,3
Deakin S.,Smith P.,6.066802630281456,3
Koszuta K.,Marsh J.,5.945996132472156,3
Garnett C.,Rettenmaier T.,6.183386022705752,3
Wilson T.,Wright M.,6.268936212683202,3
Duong Q.,Hovenier B.,6.117354926984739,3
Fu R.,Hovenier B.,5.976717185799856,2
Alshon C.,Ignatowich J.,6.272422409803207,2
Donkena A.,Morrow T.,6.038987497035786,2
Goldberg J.,Ignatowich J.,6.040212787994467,2
Alhouni M.,Scarpa A.,6.071873764964725,2
Arnold J.,Stone W.,6.088702428119781,2
Barrientos M.,Scarpa A.,6.035956641410295,2
Dayan K.,Kojima B.,6.1144654838071695,2
Alda M.,Beasley N.,5.881576691684702,2
Neumann A.,Shick C.,5.862478382072592,2
Blaszkewycz E.,Seward K.,5.916824015385955,2
Guidroz L.,Jansson A.,5.855127665088293,2
Enright M.,Guyer D.,5.90804256399662,2
Black N.,Shearer D.,5.993188892294165,2
Hunter J.,Khlif N.,6.001280132275046,2
Pailet E.,Stone W.,6.112523969955832,2
Fought T.,Taylor C.,6.180329449585354,2
Diamond C.,Dow G.,6.056123430255084,2
Finley R.,Prince J.,5.903018402072698,2
Bond G.,Shearer D.,5.876947965726058,2
Benitez J.,Delgado J.,6.054048749821511,2
Croyle A.,Gonzalez T.,5.904618841324408,2
Whitehead G.,Wilson Q.,5.892793137999821,2
Demeny S.,Stone J.,5.952729923139789,2
Haworth C.,Rahachou S.,5.932238124957978,2
Grollman J.,Navratil Z.,6.117265759834061,2
Eveloff R.,Joseph G.,5.918247308918603,2
Arnold J.,French B.,6.157223754818324,2
Navratil Z.,Newman R.,6.236056739650828,2
Bacalla D.,Campbell C.,5.898397474056601,2
Querrey S.,Taylor Z.,5.880017275506973,2
Auvergne S.,Long B.,6.183749734509693,2
Cincola J.,Deakin S.,6.062525692202125,2
Beasley N.,Russo E.,5.904300172945973,2
Anderson M.,Rosner E.,5.938388104588411,2
Cincola J.,Trinh T.,5.916479617583439,2
Holbrook T.,Key A.,5.86401666104541,2
McGuffin T.,Sock J.,5.903089554124693,2
Jensen D.,Newcombe R.,6.117598086670144,2
Estareja R.,Kawka P.,6.069878765390414,2
Angelo S.,Nemoff C.,5.990173827884197,2
Johnson Y.,Khlif N.,6.072890292947278,2
Duong Q.,Stone W.,6.19341164240668,2
Black N.,Pailet E.,5.998485901318206,2
Jakovljevic I.,Nemoff C.,6.0427576105288905,2
Koller A.,Smith S.,6.114515689925272,2
Castleberry C.,Mullane T.,5.935644458730975,2
Bass S.,Halski L.,5.973246502750656,2
Holder D.,Walker C.,5.835759999796217,2
A Gonzales Jr R.,Wild M.,5.868287978168421,2
Andrews J.,Brown M.,6.057910304806968,2
Fu R.,Goldberg J.,5.777147858130225,2
Duong Q.,Young D.,6.11910351316029,2
Cassidy R.,Jensen D.,6.049264604241495,2
Andrews J.,Cassidy R.,5.990492692491425,2
Bar D.,Newman R.,6.209019757554517,2
Alshon C.,Taylor C.,6.158809250933196,2
Newcombe R.,Wasson L.,5.937181380034396,2
Litvinov D.,Wade N.,5.958090732100464,2
Burrows W.,Warnick J.,6.020763702957788,2
Arnold J.,Tellez P.,6.167828981287612,2
Johnson C.,Prince J.,5.8703445548114015,2
Lui J.,Yaraghi A.,5.867766026890503,2
Seward K.,Venkatesan M.,5.876091453404945,2
Grabovic Z.,Legarreta A.,5.875084906594314,2
Diefenbach D.,Gilbert R.,5.861376014774129,2
Garza N.,Ortega K.,5.912875089341482,2
Manning J.,Petterson N.,5.891702053419128,2
Clemen A.,Gomez J.,5.895133871487112,2
Camron R.,Sherry R.,5.877999057285031,2
Johnston G.,Whittaker R.,5.888181690653142,2
Elliott J.,Matthews N.,5.898777103823717,2
Ferrer G.,Mendes V.,5.91122437081532,2
French B.,Newman R.,6.145166303345803,2
Khlif N.,Loong T.,6.248286514604507,2
Alshon C.,Emmrich M.,6.143392760853223,2
Oncins E.,Stone W.,6.052361047220019,2
Brown M.,Burrows W.,6.127274294837458,2
Dawson C.,Young D.,5.9182784157767,2
Nemoff C.,Taylor Z.,5.853234355886833,2
Brown M.,Grollman J.,6.059182478369444,2
Haworth C.,Holderman C.,5.847908530483304,2
Arnold J.,Navratil Z.,6.143288588389854,2
Deakin S.,Emmrich M.,6.1172254727087125,2
Hewett R.,Wilson T.,6.167401845186298,2
Burrows W.,Johnson H.,6.054227144981549,2
Cassidy R.,Fu R.,6.006885493955242,2
Pailet E.,Taylor Z.,5.909676142541023,2
Alhouni M.,Eveloff R.,6.010309510139807,2
Dow G.,Duong Q.,6.1439954804901005,2
Gilbert R.,MacKinnon W.,5.879711785792443,2
Barnett T.,Martin B.,5.888966237824853,2
Jauschneg E.,McCabe S.,5.913444412047378,2
Pututau J.,Stratton R.,5.887847643745474,2
Barrientos M.,Farias J.,6.031581896768915,2
Grollman J.,Pailet E.,5.986553887541406,2
Black N.,Rosenbach L.,5.9326663333849385,2
Palm D.,Wasson L.,5.844112311625369,2
Ali R.,Fung M.,5.9429766251462635,2
Nemoff C.,Weinbach D.,5.939531833212836,2
Bond G.,Jensen D.,5.887077549975169,2
Hutchins R.,Pailet E.,5.93700208219386,2
Jakovljevic I.,Trinh T.,5.893637580573411,2
Loong T.,Patriquin H.,6.145685140168969,2
Beasley N.,Duong Q.,5.873538371856207,2
Fought T.,Kawka P.,6.191899559200776,2
Diamond C.,Taylor C.,6.093851232241254,2
Livornese R.,Tomassi T.,6.101558391709799,2
Cincola J.,Goldberg J.,5.915405721417281,2
French B.,Khlif N.,6.1021404664689065,2
Newell B.,Tamaki K.,6.072185832645977,2
Deakin S.,Lange E.,6.098407298362356,2
Farias J.,Irizarry E.,6.021800421251358,2
Bellamy R.,Burrows W.,6.0925900300878935,2
Hong T.,Powell C.,5.98252031069047,2
Auvergne S.,Cincola J.,6.081251450547762,2
Attar S.,Wang J.,6.056480259981152,2
Brown M.,Young D.,6.03186719100593,2
Lee E.,Parks Z.,5.917189919163159,2
Harris J.,Jones H.,5.893528846775782,2
Dain T.,Holder D.,5.877003931881262,2
Larson B.,Lawhun A.,5.918008587668946,2
Garnett C.,Lohani A.,5.912833367270537,2
Pailet E.,Palm D.,5.9080885951914155,2
Bridge J.,Huynh A.,5.861422095372263,2
Yeh M.,Yi I.,6.02371356557605,2
Ignatowich J.,Staksrud F.,6.229598638495334,2
Kawka P.,Shick C.,6.208341490972024,2
Kawka P.,Loong T.,6.175793619118882,2
Howells W.,Klinger C.,6.190648573003641,2
Fought T.,Hewett R.,6.0531856744564525,2
Duong Q.,Loong T.,6.060885262203559,2
Acob Z.,Blocker C.,5.8840741416431435,2
Fu R.,Roddy E.,6.101967239729359,2
Franco M.,Zogbi G.,5.915452157397369,2
Alhouni M.,Pham C.,5.898802850083583,2
Dutrieuille D.,Lindquist J.,5.893253280424604,2
Forsythe E.,Neufeldt C.,5.903483640576725,2
Bomberg T.,Johnson M.,5.890761781308871,2
Alvarez J.,Irizarry E.,5.95852328869561,2
Read A.,Venkatesan M.,5.871621276296669,2
Alshon C.,Yates K.,6.1065168221326385,2
Ge A.,Jensen D.,5.926581181050641,2
Chassang D.,Crouch C.,5.9153656990635275,2
Hewett R.,Smith P.,5.9481775493858695,2
Narayanan S.,Zwiren N.,5.909074471238492,2
Grollman J.,Joseph G.,5.899150070390942,2
Arnold J.,Sock J.,6.093695182992523,2
Johnson C.,Nemoff C.,5.903118318215216,2
Forsythe E.,Yaraghi A.,5.897656372944879,2
Garza N.,Tamanaha W.,5.906557644284177,2
Andersen G.,Hall D.,5.91618663187034,2
Nemoff C.,Venkatesan M.,5.846202521680867,2
Bies P.,Jensen D.,5.992181300093176,2
Hammond B.,Whittaker R.,5.8949335054689955,2
Roddy E.,Shick C.,6.081002322391683,2
Amiri F.,Burrows W.,6.06964685883396,2
Hovenier B.,Trinh T.,6.076802054632983,2
Hewett R.,Vich J.,6.235486332283141,2
Nani F.,Nunez J.,6.041797146175867,2
Case C.,Wilson Q.,5.9020648014359685,2
Anderson M.,Ouye A.,5.922511881038845,2
Berke S.,Sigler D.,5.919263101662753,2
Lui J.,Morrow T.,6.017340610916619,2
Bellamy R.,Cincola J.,6.059351719407117,2
Hammond B.,Haworth C.,5.9277234083860115,2
Goldin G.,Neumann A.,6.0587620139676295,2
Loyd M.,Smith S.,6.166234267331594,2
Baca M.,Vance J.,5.851631012607614,2
Koller A.,Patriquin H.,6.132596497800748,2
Forsythe E.,Lui J.,5.854108291689017,2
Lohani A.,Venkatesan M.,6.0612020873843635,2
Caulfield K.,Slattery J.,5.921870379868934,2
Dawidjan R.,Wild J.,5.89889780402484,2
Narayanan S.,Shekar K.,6.077391924385912,2
Parks Z.,Reason J.,6.031099433022716,2
Mediratta N.,Weinbach D.,6.008698943598859,2
Klinger C.,Young D.,6.161988913969039,2
Case C.,Smith R.,6.035054911311996,2
Boydston C.,Schwend T.,5.839828193478879,2
Forsythe E.,Jensen D.,6.014033142749228,2
Diamond C.,Nemoff C.,6.0346550043414595,2
Brown M.,Dow G.,6.106261252903238,2
Kheireddin B.,Turmel P.,5.899888650411015,2
Bellamy R.,Munro J.,6.141916274847423,2
Grabovic Z.,Kawka P.,5.9097639339710195,2
Hall D.,Whitehead G.,6.004543314980042,2
Gingrich D.,Merchant A.,5.909999999999999,2
Bond G.,Seward K.,6.014435671416826,2
Barrientos M.,Neumann A.,5.8634875891714895,2
Alhouni M.,Whittaker R.,6.022628357179263,2
Brown M.,Dobran J.,6.028539407262505,2
Slutsky R.,Wasson L.,6.034085576096087,2
Hammond B.,Nix J.,5.989600590941752,2
Merchant A.,Roddy E.,6.0495560055919375,2
Farias J.,Nsekpong B.,6.048433633083905,2
Bond G.,Querrey S.,6.010030545328694,2
Barrientos M.,Garnett C.,6.015099181658986,2
Cassidy R.,Mcmakin K.,5.897161698301718,2
Beasley N.,Payetta L.,5.90737179515026,2
Barrientos M.,Lane B.,5.933165581853934,2
Marceau M.,Mcauley D.,5.940450482778344,2
Estareja R.,Kellogg C.,5.9530746509399695,2
Newman R.,Parks T.,5.917865712340744,2
Davison J.,Reason J.,5.929359462788882,2
Burl C.,Presser J.,5.969705661515054,2
Inn R.,Santini E.,5.892666842825319,2
Duong Q.,Patrick C.,6.015364802431997,2
Alvarez J.,Beasley N.,6.023469510806756,2
Duong Q.,Loyd M.,6.261821337734539,2
Alhouni M.,Smith S.,6.0564029450142405,2
Bacalla D.,Rahachou S.,6.047709183904186,2
Locklear P.,Smith P.,6.08533263637863,2
Cincola J.,Navratil Z.,6.154651760628397,2
Lee A.,Venkatesan M.,5.904227053048731,2
Patriquin H.,Tardio G.,5.9865073490859615,2
Arnold J.,Hewett R.,5.9887127254256285,2
Burrows W.,Deakin S.,6.034513576580573,2
Grollman J.,Jensen D.,6.021639653681222,2
Neumann A.,Stone W.,5.907871273726289,2
Blaszkewycz E.,Goldin G.,6.1353491741722985,2
Brown M.,Roddy E.,6.151009263039327,2
Truong J.,Vero-Casavant C.,5.9605543780987364,1
Boyle H.,Delgado J.,5.89668903717573,1
Goldberg J.,Moore C.,5.8772009144017465,1
Funemizu Y.,Goins J.,5.9634091788396875,1
Clemmer T.,Fritze B.,5.925011225185021,1
Boyer D.,Whittaker R.,5.87024385383899,1
Braham A.,Ford Z.,5.931402901074188,1
Alhouni M.,Nemoff C.,5.924829303446735,1
Dyer P.,Schiller M.,5.972710518522648,1
Growcott M.,Mok J.,5.940319672987441,1
Gee A.,Nguyen H.,5.84372011166596,1
Amiri F.,Mead M.,5.8749291796764505,1
Hawvermale D.,Rangel D.,5.917050828593977,1
Andrews J.,Markowitz E.,5.870009416239419,1
Fu R.,Young D.,5.947942806691206,1
Finan B.,Wild M.,5.92029836901483,1
Violette E.,Wasson L.,5.835197648816066,1
Kim E.,Russo E.,5.8624574335028745,1
Gonzalez I.,Parsons D.,5.930562962827309,1
Kim E.,Quinones C.,5.8153997982878955,1
Eveloff R.,Jensen D.,5.893988939535821,1
French B.,Shick C.,6.0600960322042265,1
Kerr B.,Womack C.,5.940882526719923,1
Hammond B.,Wild M.,5.865478031184637,1
Bigoness K.,Giannelli J.,5.957753817496432,1
Clary A.,Zelasko N.,5.88550981679754,1
Hansbrough T.,Jones H.,5.87879035297718,1
Santini E.,Terzian J.,5.920224980636048,1
Clayton B.,Owens W.,5.920171296042922,1
Boyle H.,Wetherell A.,5.886629375885139,1
Delgado J.,Mangiapane N.,5.920762764547171,1
Laidlaw R.,Yang L.,5.886247899418908,1
Guy A.,Torresin R.,5.917366730326662,1
Ali S.,Gan E.,5.921590397053363,1
Hargreaves M.,Tamaki K.,5.920612454112045,1
Nemoff C.,Young D.,5.994466996207825,1
Amiri F.,Pham K.,5.896879656427372,1
Black N.,Taylor Z.,5.8792010254422955,1
Estareja R.,Palm D.,5.86128742544642,1
Fi M.,Vilchez W.,5.9399553600023385,1
Caulfield K.,Osborne N.,5.927020030294029,1
Kaplan M.,Riley S.,5.917331440549702,1
Nesbitt M.,Sariban N.,5.946186460388013,1
Bramblett B.,Rogers A.,5.866786203252168,1
Chernikov A.,Hunter J.,5.93022619053057,1
Herminas E.,Womack C.,5.922984583497096,1
Morrow T.,Newell B.,5.924228806645665,1
Haas P.,Kim E.,5.919801987796329,1
Mead M.,Quinones C.,5.846623626306884,1
Bricker A.,Nguyen H.,5.904326883289392,1
Millet A.,Ness L.,5.9082365496979445,1
Bies P.,Cassidy R.,5.935434467612906,1
Edwards J.,Violette E.,5.887113939306581,1
Markowitz E.,Mead M.,5.837129280948826,1
Bellamy R.,Oncins E.,5.89957601398304,1
Aronson G.,Eveloff R.,5.887724779871968,1
Ross H.,Unger A.,5.883336796976629,1
Agoglia M.,Nguyen H.,5.861367637994466,1
Betts J.,Blocker C.,5.831836086763531,1
Cassens J.,Gomez J.,5.8673303699718105,1
Hall D.,Lau W.,5.876726601484,1
Garza A.,Khan A.,5.885236302188955,1
Itskovich P.,Zelasko N.,5.896062041223157,1
Black N.,Bramblett B.,5.911873077349189,1
Cassidy R.,Gilbert R.,5.845852235940111,1
Castleberry C.,Vegas M.,5.909354930167116,1
Goldberg J.,Siljestrom A.,5.907969164442325,1
Johnson Y.,Tamaki K.,5.945810273212581,1
Brown M.,Diamond C.,5.971442888982784,1
Clayton B.,Delgado J.,5.92447462613657,1
Boyle H.,Hirschler Z.,5.942768984027194,1
Smith S.,Stone W.,6.045195650429859,1
Haugdahl M.,Macauley J.,5.90332726640866,1
Rahachou S.,Russo E.,5.841106500668831,1
Goodburn K.,Quinones C.,5.904417660909176,1
Grausnick A.,Thompson J.,5.8581997201230855,1
Alhouni M.,Cassens J.,5.884382476928361,1
OReilly A.,Sherry R.,5.880509262451592,1
Trinh T.,Wasson L.,5.811543894727571,1
Boydston C.,Hall D.,5.9107609176414675,1
Tamanaha W.,Venkatesan M.,5.950774437937415,1
Benitez J.,Quinones C.,5.919919426848332,1
Do Q.,Gilbert R.,5.901739929360212,1
Koszuta K.,Newcombe R.,5.847635536729125,1
Campbell C.,Wasson L.,5.863478913956991,1
A Gonzales Jr R.,Quinones C.,5.811034287013498,1
Anandan B.,Boyer D.,5.925500739220129,1
Agoglia M.,Kerr B.,5.888110083312663,1
Jamieson W.,Joseph G.,5.89165447879787,1
Kantzalis F.,Mead M.,5.924921743387565,1
Hutchins R.,Payetta L.,5.835368784009448,1
Kim E.,Morrow T.,5.930335767477063,1
Markowitz E.,Zwiren N.,5.878126073803105,1
Bertram E.,Powell C.,5.919534288545121,1
Broderick J.,Livornese R.,5.932063341075119,1
Diamond C.,Fu R.,5.814473031884049,1
Bond G.,Carnett C.,5.893962816122294,1
Andrews J.,Eveloff R.,5.860284899431584,1
Hunter J.,Park M.,5.955936680662446,1
Russo E.,Weinbach D.,5.837673007247463,1
Isner J.,Stone W.,5.961826683973744,1
Anderson J.,Garretson C.,5.954847401943196,1
Beasley N.,Read K.,5.914259348283545,1
Newcombe R.,Santini E.,5.879299984602309,1
Legarreta A.,Newcombe R.,5.849793730308754,1
Angelo S.,Farnsworth D.,5.938128823305618,1
Haworth C.,Quinones C.,5.871462767556159,1
Gold H.,Grollman J.,5.907378879139798,1
Andrews J.,Sherry R.,5.834501515371344,1
Akin T.,Hammond B.,5.901595339395227,1
Pailet E.,Shearer D.,5.841041452511238,1
Diamond C.,Taylor Z.,5.84878477024572,1
Dawidjan R.,Funemizu Y.,5.9054074703277735,1
Hovenier B.,Nemoff C.,5.9701233697433755,1
Ali R.,Tamaki K.,5.890622893554513,1
Gold H.,Sherry R.,5.878620495598322,1
Newcombe R.,Palm D.,5.845087630825342,1
Hutchins R.,Markowitz E.,5.808034795217774,1
Beasley N.,Rahachou S.,5.83318105599589,1
Guy A.,Laidlaw R.,5.996826135776903,1
De La Rosa D.,Siljestrom A.,6.021169172782411,1
Bragg J.,Sherry R.,5.908229980640427,1
Lane B.,Roddy E.,5.9224905160693915,1
Jensen D.,Skufca R.,5.928257259061526,1
Emery A.,Russo E.,5.9134361376379605,1
French B.,Scarpa A.,5.956798134599524,1
Lanier S.,Powell C.,5.881804514508735,1
Truex C.,Williams L.,5.9370052120754595,1
Etea W.,Wasson L.,5.892429405715085,1
Bies P.,Farias J.,5.9526048450177775,1
Sock J.,Wilson T.,6.02291963342435,1
Kravchuk R.,Williams L.,5.925980552322892,1
Ayotte J.,Koszuta K.,5.861891017350593,1
Ayotte J.,Tamanaha W.,6.038187621268281,1
Barrientos M.,Kawka P.,5.95879417868158,1
Gingrich D.,Weinbach D.,5.866787776404931,1
Car D.,Diamond C.,5.973270193253607,1
Grollman J.,Perez E.,5.950310579989076,1
Davison J.,Nani L.,5.925274051247036,1
Fritze B.,Tomassi T.,5.994094240491497,1
Evans T.,Hargreaves M.,5.939430587822735,1
Estareja R.,Tamaki K.,5.8556983559882605,1
Duong B.,Eveloff R.,5.862063086032152,1
Burl C.,Truong J.,5.957102991586856,1
Grant B.,MacKinnon W.,5.949194773603251,1
Freeman M.,Green M.,5.923392771087399,1
Baca M.,Wasson L.,5.806994980588682,1
Kinney J.,Lladro J.,5.985417997648307,1
Klinger C.,Whittaker R.,5.919450021046714,1
Shaw T.,Shaw T.,5.990693632844017,1
Dawson C.,Devilliers J.,6.063928282615019,1
Garcia E.,Montoya N.,5.880525540025888,1
Lane B.,Loyd M.,5.952043048219721,1
Schupp E.,Toom J.,5.990818989703627,1
Duong Q.,Whittaker R.,5.886034134486371,1
Bellamy R.,Bond G.,5.898163226984038,1
Cassidy R.,Ngo F.,5.974123327183753,1
Anandan B.,Chassang D.,5.966408323780678,1
Diamond C.,Parks Z.,5.949310899003503,1
Andrews J.,Farias J.,5.967744369758784,1
Matthews N.,Weinbach D.,5.8605296088037155,1
Byun D.,Do Q.,5.945104222394322,1
Andrews J.,Campbell C.,5.922205296895894,1
Jakovljevic I.,Roddy E.,6.022754945612051,1
Diamond C.,Klinger C.,6.076504876666986,1
Estareja R.,Goldin G.,5.996701237755178,1
Smith S.,Young D.,5.96933840125616,1
Acob Z.,Bryant W.,5.9975632073521545,1
Beasley N.,Boyer D.,6.0030504350066405,1
Bellamy R.,Johnson H.,6.035125597059526,1
Cincola J.,Khlif N.,6.071156750448521,1
Anderson M.,Young D.,5.956997530006385,1
Wasson L.,Weinbach S.,5.913792996148807,1
Alda M.,Morrow T.,6.010867359000571,1
Freeman M.,Fu R.,5.897368778793921,1
Burrows W.,Jensen D.,5.978615064140581,1
Alhouni M.,Dobran J.,5.914462443765686,1
Cassidy R.,Weinbach D.,5.893910616012316,1
Locklear P.,Yates K.,5.972314951836399,1
Alhouni M.,Barlow M.,5.880681781981585,1
Goldberg J.,Hewett R.,5.8590188069968665,1
Harshman B.,Kim E.,5.99250123579254,1
Lohani A.,Seward K.,5.954983316422534,1
Lewis B.,OReilly A.,5.982112872110129,1
Ge A.,Lui J.,5.910651394166529,1
Harvey A.,Perez E.,5.939518935815186,1
Farias J.,Taylor C.,6.01927469556657,1
Delgado J.,Newcombe R.,5.881952806605792,1
Rettenmaier T.,Stone W.,6.031501906400755,1
Acob Z.,Zukeran G.,5.957250486757191,1
Quintero J.,Venkatesan M.,5.889434806307856,1
Ayotte J.,Finley R.,5.905008308752696,1
Alda M.,Kim E.,5.919831037294636,1
Bond G.,Eveloff R.,5.827794748788773,1
Duffin L.,Rosenbach L.,5.946649890190753,1
Gingrich D.,Palm D.,5.941037930832365,1
Ge A.,Koszuta K.,5.876539098156959,1
Case C.,Fullmer A.,5.950879686758816,1
Brandt R.,Cheney J.,5.973728677332396,1
Larson B.,Wilson Q.,5.916900251814389,1
Irizarry E.,Read A.,5.92832638910884,1
Gonzalez A.,Vanderwarf N.,5.952196645166038,1
DAmico G.,Rettenmaier T.,5.923039682334578,1
Thorn J.,Traxler D.,5.968243894989255,1
Millet A.,Santini E.,5.892642549231911,1
Joseph G.,Neumann A.,5.8881868602896725,1
Mercado A.,Ray P.,5.96863562388455,1
Burrows W.,Tamaki K.,5.9296503400422935,1
Arnold J.,Hovenier B.,6.156622176314827,1
Freeman M.,Ignatowich J.,6.057132991884704,1
Green M.,Morrow T.,5.922260577133754,1
Johnson Y.,Smith P.,6.080496166570073,1
Haas P.,Litvinov D.,5.984441638914957,1
Bellamy R.,Taylor Z.,5.922382457299869,1
Querrey S.,Sherry R.,5.889197716286889,1
Koszuta K.,Montoya N.,5.885009648573522,1
Gingrich D.,Roditi D.,5.9250771324190845,1
Garcia E.,Johnson C.,5.858442389982922,1
Angelo S.,Truex C.,5.979888983266775,1
Broderick J.,Lanier S.,5.958191240610291,1
Alshon C.,Goldberg J.,5.8992190298196165,1
Duong Q.,Mead M.,5.942837618326815,1
Cassidy R.,Loyd M.,5.977113128599305,1
Teoni P.,Whitehead G.,5.957386855517209,1
Baca M.,Warnick J.,5.882556958914861,1
Hovenier B.,Johnson Y.,5.887788116360967,1
Chrysostom J.,Vilchez W.,5.936093747200855,1
Car D.,Fritze B.,5.966993737474583,1
Crum A.,Ford Z.,5.934985480051598,1
Boyer D.,Wazir A.,5.913951760088385,1
Finley R.,Nemoff C.,5.881927911450011,1
Jensen D.,Tamaki K.,5.946199649967908,1
Hong T.,Morrow T.,5.962416882890389,1
Bayoumy A.,Wild J.,5.9373554884340285,1
Goldberg J.,Weinbach D.,5.841573574276015,1
Koszuta K.,Teoni P.,5.890051437744739,1
Grollman J.,Pham K.,5.982582438192523,1
Jakovljevic I.,Scarpa A.,5.8926697764503375,1
Kawka P.,Markowitz E.,5.901180727015794,1
Fritzges E.,Newcombe R.,5.989090019732059,1
Heck C.,Oxler J.,5.968653712783344,1
Adelson S.,Milo S.,5.994489835375218,1
Bock J.,Brown M.,6.043054674769486,1
Phillips A.,Phillips L.,5.909765853888697,1
Barr S.,Walker A.,6.060102004314045,1
Duong Q.,Ge A.,6.206207248522089,1
Broderick J.,Farias J.,5.959756789549555,1
Camron R.,Palm D.,5.8704324940983055,1
Dawidjan R.,Duong B.,5.847821536176882,1
